OBJECTID,REF_CODE,THEME,NAME,STATUS,MEASURE,GRIDREF,LABEL,HYPERLINK,Shape__Area,Shape__Length,GlobalID
1,1421814,country parks,BEACON WOOD,Known as a Country Park,27.65,TQ589717,BEACON WOOD (Country Park),,276542.281661987,2581.31934724283,5fbf9e87-ac9d-4194-a797-e711c49c7a0c
2,1421815,country parks,BEDFONT LAKES,Known as a Country Park,90.73,TQ080725,BEDFONT LAKES (Country Park),GSP003596,907274.685203552,5825.42780058541,770655fd-f75a-47de-a061-609abe1a9e43
3,1443022,country parks,ALLENSFORD,Known as a Country Park,5.73,NZ079502,ALLENSFORD (Country Park),,57258.4759521484,1313.24961754123,ad13590e-02e1-4714-ad0f-4e2930f4f348
4,1421800,country parks,ANGLERS,Known as a Country Park,63.98,SE378159,ANGLERS (Country Park),GSP001597,639790.217514038,3586.53674958546,c3969d00-e6b4-433b-aee4-7d9c4f7101c1
5,1443043,country parks,APEDALE COMMUNITY,Known as a Country Park,150.86,SJ818486,APEDALE COMMUNITY (Country Park),,1508613.80340576,14894.9242897834,76ca3d15-6d0d-479f-8006-a9737c424140
6,1421801,country parks,ARROW,Known as a Country Park,223.01,SP059672,ARROW (Country Park),GSP001392,2230080.42469025,19761.7804761783,cda066da-a937-48a2-b2aa-74537c4c6371
7,1421802,country parks,ARROWE,Known as a Country Park,100.82,SJ269863,ARROWE (Country Park),,1008223.94581604,6212.03300482704,344d5144-8f7e-4398-88c6-80faa206cebd
8,1421803,country parks,ASHTON COURT,Known as a Country Park,302.3,ST552720,ASHTON COURT (Country Park),GSP003371,3022963.39210892,12685.9100602162,cff1b286-3fb3-41e3-a333-ac06dc3aea14
9,1420352,country parks,ALDENHAM,Known as a Country Park,74.79,TQ168956,ALDENHAM (Country Park),,747869.925704956,3919.77934398098,e0eca8d6-5f25-4ffa-969e-bb7ea24295d6
10,1421804,country parks,ASTBURY MERE,Known as a Country Park,6.71,SJ848626,ASTBURY MERE (Country Park),GSP001218,67121.5442657471,1653.85389955122,c64d41ac-034a-437d-81e2-bd2d72c578d7
11,1420353,country parks,AVON HEATH,Known as a Country Park,206.11,SU130036,AVON HEATH (Country Park),GSP001909,2061116.59217072,12631.2350260594,ac2a2434-d284-4618-a09d-9657071226ec
12,1421805,country parks,BAGGERIDGE,Known as a Country Park,56.26,SO897927,BAGGERIDGE (Country Park),GSP001267,562613.524162292,5907.50971521632,764233e8-aa67-4b9b-becc-52dcb1f7b4a1
13,1443044,country parks,BAGWORTH HEATH WOODS,Known as a Country Park,11.53,SK441085,BAGWORTH HEATH WOODS (Country Park),,115297.385780334,1421.10867658845,4cd85d0b-215a-4872-a7b3-7f4f6e93b92d
14,1442738,country parks,BARBURY CASTLE,Known as a Country Park,53.02,SU152764,BARBURY CASTLE (Country Park),,530207.424194336,3692.14215274,3310dfec-c71f-48bb-9e17-31a149c1395c
15,1442970,country parks,BARDSEA,Known as a Country Park,70.65,SD301742,BARDSEA (Country Park),,706529.443115234,8891.99169770627,3c32c165-8505-4fe4-8fca-9eaa8c3bc2ba
16,1421806,country parks,BARNWELL,Known as a Country Park,15.24,TL035873,BARNWELL (Country Park),GSP001056,152377.364212036,1859.53442689178,f6cc72c6-8270-4d93-819a-8068a2b0532c
17,1443164,country parks,BARTON'S POINT,Known as a Country Park,36.12,TQ937745,BARTON'S POINT (Country Park),,361169.104675293,3278.60233773751,a403bcd4-c9e0-4154-9108-04e808bbf7b0
18,1421807,country parks,BARTON FARM,Known as a Country Park,8.1,ST814603,BARTON FARM (Country Park),,81007.4395446777,3319.84972673057,127ffefb-6aa3-4bb3-8927-86cfed84162d
19,1421808,country parks,BATTLEFIELD OF BOSWORTH,Known as a Country Park,23.2,SK399000,BATTLEFIELD OF BOSWORTH (Country Park),,231952.342834473,10694.7197575699,614b9eb0-ef7d-4bc3-a0e6-563e49a2f5d9
20,1421811,country parks,BEACON FELL,Known as a Country Park,110.16,SD568427,BEACON FELL (Country Park),,1101564.77893066,5205.43117404512,a0005875-7d08-4bb1-94f7-cbf59afb569b
21,1421813,country parks,BEACON PARK,Known as a Country Park,145.13,SD504066,BEACON PARK (Country Park),GSP001201,1451344.96153259,7644.66699491004,387a8ea3-31f1-4ab7-bed1-f12374f4d513
22,1451139,country parks,BEAM VALLEY,Known as a Country Park,59.18,TQ506850,BEAM VALLEY (Country Park),,591837.677436829,9380.34864513982,6f5426b6-c19a-4cd0-8cd1-3ea0516b0be7
23,1421816,country parks,BEDLINGTON,Known as a Country Park,54.89,NZ263807,BEDLINGTON (Country Park),,548910.672775269,14360.3968559191,0f322420-ad93-41b8-b653-01fb090748d4
24,1421817,country parks,BELHUS WOODS,Known as a Country Park,229.2,TQ566824,BELHUS WOODS (Country Park),GSP001040,2292008.66766357,10875.5856398646,824156fb-b83a-4a43-a712-bf01c5645c05
25,1421809,country parks,BAYHURST WOOD,Known as a Country Park,36.32,TQ068889,BAYHURST WOOD (Country Park),,363212.526412964,3289.16071353405,83442093-ab7e-4a20-86f2-3a7ade257a79
26,1421812,country parks,BEACON HILL,Known as a Country Park,124.14,SK512147,BEACON HILL (Country Park),GSP002030,1241418.5062561,6022.0995755807,4ff958d7-9aa9-4fec-baa0-bc5a21db1848
27,1442971,country parks,BERRY HEAD,Known as a Country Park,42.29,SX941564,BERRY HEAD (Country Park),,422931.230922699,3920.50589269717,145f85e3-4f0c-4a63-b189-4c46a07206e1
28,1421819,country parks,BIDDULPH GRANGE,Known as a Country Park,29.72,SJ898591,BIDDULPH GRANGE (Country Park),,297227.134719849,3438.50079255959,dff312d3-8cad-48d4-a169-9ba2eff70417
29,1451109,country parks,BIDSTON HILL,Known as a Country Park,49.62,SJ288895,BIDSTON HILL (Country Park),,496203.453300476,6364.69293626598,53b62f84-2bd5-405e-b3d9-fd2a728199a6
30,1460672,country parks,BLACKWATER RAIL TRAIL,Known as a Country Park,4.71,TL825138,BLACKWATER RAIL TRAIL (Country Park),,47057.7256164551,4966.21569260646,1d8d8f83-1ea0-4557-8f2f-f90cf81fcf89
31,1443159,country parks,BLAISE CASTLE ESTATE,Known as a Country Park,157.44,ST552779,BLAISE CASTLE ESTATE (Country Park),GSP002187,1574441.19908142,15389.4173357632,02f2c736-7831-4dab-a5c0-71d6f49c8920
32,1421824,country parks,BOLAM LAKE,Known as a Country Park,36.92,NZ079819,BOLAM LAKE (Country Park),,369158.607452393,2751.66720610159,39dc7765-4eb3-4ad9-8fac-7bc4e9ce3965
33,1421825,country parks,BOX HILL,Known as a Country Park,265.31,TQ180519,BOX HILL (Country Park),,2653105.21498108,9797.39590546813,12d1402f-9dba-443b-83ef-edde6ff3f238
34,1442972,country parks,BRADGATE PARK AND SWITHLAND WOODS,Known as a Country Park,502.51,SK532109,BRADGATE PARK AND SWITHLAND WOODS (Country Park),,5025062.56539917,15468.0249241948,20984653-6823-4cab-b407-361adca7b541
35,1421826,country parks,BRANDON,Known as a Country Park,15.23,TL785851,BRANDON (Country Park),GSP002104,152261.154220581,1854.48720151503,54bf968e-4a7d-473b-922d-4f060e0c73e6
36,1442740,country parks,BRANSTON WATER PARK,Known as a Country Park,23.85,SK215207,BRANSTON WATER PARK (Country Park),GSP001120,238541.841644287,2501.33267394373,6ab6c832-949e-4ede-81c5-b4478714ca0e
37,1443058,country parks,BURROUGH HILL,Known as a Country Park,37.92,SK762121,BURROUGH HILL (Country Park),,379157.602432251,3926.74374069746,badf5594-c0db-4da6-9fef-20382344c1b0
38,1442732,country parks,BURRS,Known as a Country Park,30.35,SD798126,BURRS (Country Park),GSP001003,303479.493133545,3731.08622854321,0edcf266-5a80-45ed-bcf5-72d332bca0a6
39,1442976,country parks,BURTON CONSTABLE,Known as a Country Park,75.02,TA186362,BURTON CONSTABLE (Country Park),,750203.891815186,4058.74975125562,d8a35dd0-7f93-455c-a796-470f66c3e477
40,1442977,country parks,BURTON DASSETT,Known as a Country Park,39.79,SP396520,BURTON DASSETT (Country Park),,397900.570632935,2736.71131144002,fbe8cd42-ee6a-4da2-81cf-f672b59c569b
41,1421837,country parks,BUXTON AND POOLE'S CAVERN,Known as a Country Park,41.28,SK050722,BUXTON AND POOLE'S CAVERN (Country Park),,412812.490097046,5650.37054158427,18fc4a90-0932-4045-aa4a-bcfc6af10a75
42,1443049,country parks,CALDY VALLEY NATURE PARK,Known as a Country Park,10.48,SJ423650,CALDY VALLEY NATURE PARK (Country Park),,104801.946296692,2941.22915099979,8c3866f7-1c26-48ea-b86c-5ac4d9c6007b
43,1442979,country parks,CANNOCK CHASE,Known as a Country Park,966.19,SJ985184,CANNOCK CHASE (Country Park),,9661862.68943787,30424.2286916128,6c699701-cffe-4bf3-bfb0-6a0891bc8b2b
44,1421840,country parks,CAPSTONE FARM,Known as a Country Park,84.57,TQ779647,CAPSTONE FARM (Country Park),,845695.699020386,5602.0483493475,a1d33782-e5bd-4cf0-b85a-a7af05f8bc7c
45,1442978,country parks,CALIFORNIA,Known as a Country Park,39.35,SU785651,CALIFORNIA (Country Park),,393488.408805847,4941.04579869042,e01d591f-c476-4c85-8052-026fafc2e91c
46,1421838,country parks,CALSHOT SPIT,Known as a Country Park,20.26,SU478008,CALSHOT SPIT (Country Park),,202624.141426086,2805.23939304469,6cc8c77f-04ad-46d9-8f71-5c26430f46ad
47,1421827,country parks,BRERETON HEATH,Known as a Country Park,33.8,SJ797651,BRERETON HEATH (Country Park),GSP001579,338003.344512939,2423.25872139541,dbd536b2-cb18-4962-9d27-e24f7ac15f1b
48,1421828,country parks,BRETTON,Known as a Country Park,39.66,SE289127,BRETTON (Country Park),,396597.421279907,3909.91119187374,6f6981d6-4359-4afc-a41b-27e4ad1764c2
49,1421829,country parks,BRICKFIELDS,Known as a Country Park,3.19,SU866495,BRICKFIELDS (Country Park),,31943.1342468262,1173.21995709826,e1d10f42-a400-4c86-bf20-f08d8d4ad1fe
50,1442973,country parks,BRIERLY FOREST PARK,Known as a Country Park,75.26,SK479598,BRIERLY FOREST PARK (Country Park),GSP000999,752599.636672974,5366.57117346004,3b08f418-0c26-4781-8d3c-93cfdb8daebc
51,1442974,country parks,BRIMHAM ROCKS,Known as a Country Park,156.63,SE212647,BRIMHAM ROCKS (Country Park),,1566305.31330872,6296.49994753127,18c38cf1-3228-4a63-a05b-097ebdc7ad58
52,1421830,country parks,BRIXWORTH,Known as a Country Park,13.28,SP756698,BRIXWORTH (Country Park),GSP001000,132757.146247864,2447.57161525583,f0906bce-5a2d-4aa6-bab6-9aa6b6c3f701
53,1442975,country parks,BROADWAY TOWER,Known as a Country Park,15.29,SP112360,BROADWAY TOWER (Country Park),,152887.161514282,2751.39161659711,1dadcda8-b217-469c-8b62-fe04fdf3db8e
54,1421831,country parks,BROCKHILL,Known as a Country Park,22.53,TR148356,BROCKHILL (Country Park),GSP001550,225287.67338562,3264.66389685067,a9c23014-07eb-4c96-81ab-dad314e8e61e
55,1421832,country parks,BROCKS HILL,Known as a Country Park,27.8,SP619996,BROCKS HILL (Country Park),GSP001501,277964.76713562,2312.19162905155,9c2f2363-56cd-466b-b43e-9d331df20f57
56,1443048,country parks,BROOMBRIGGS FARM,Known as a Country Park,68.04,SK521138,BROOMBRIGGS FARM (Country Park),,680422.38583374,5943.6171312708,bd9e2595-dfc6-486e-bdbd-1167ac09f2ea
57,1421834,country parks,BUCHAN,Known as a Country Park,73.04,TQ242341,BUCHAN (Country Park),,730417.858528137,3740.18923112322,14ec47e2-d6e5-4426-b5ba-c6326a832958
58,1421835,country parks,BURBAGE COMMON AND WOODS,Known as a Country Park,84.68,SP449947,BURBAGE COMMON AND WOODS (Country Park),,846797.694374084,6450.8759804438,2beb94a0-3b4a-4a5f-bb9a-83297ded95f9
59,1421836,country parks,BURNTSTUMP,Known as a Country Park,24.19,SK578506,BURNTSTUMP (Country Park),,241869.097839355,2940.57613786447,9b0267ad-f3d4-4080-aa13-e8114f72f7c0
60,1475226,country parks,BILL QUAY COMMUNITY FARM,Accredited,10.28,NZ293626,BILL QUAY COMMUNITY FARM (Country Park),,102815.061660767,1528.41957244026,20b081f0-25c7-4f6d-8935-53af5f41d20d
61,1421820,country parks,BILLINGHAM BECK VALLEY,Known as a Country Park,70.99,NZ453223,BILLINGHAM BECK VALLEY (Country Park),GSP001135,709930.922042847,12566.7486457004,6f4b0ed0-e6ba-462e-bfd0-3f06bca63a8a
62,1421821,country parks,BISHOPS WOOD,Known as a Country Park,42.23,TQ068919,BISHOPS WOOD (Country Park),,422290.841720581,3816.04488941944,f401c7cc-76fa-425c-981f-da92b4fe281b
63,1421822,country parks,BLACK PARK,Known as a Country Park,213.1,TQ010835,BLACK PARK (Country Park),GSP001349,2130969.24176025,7115.55434979352,ee0d033b-af18-439c-9abb-d63f05373308
64,1421823,country parks,BLACKLEACH,Known as a Country Park,28.69,SD739040,BLACKLEACH (Country Park),GSP001151,286948.450790405,3669.52816700569,930c70b5-70b7-4742-beca-fc336fddc419
65,1460674,country parks,WEELSBY WOODS,Known as a Country Park,51.57,TA285073,WEELSBY WOODS (Country Park),,515726.485733032,3872.92741565504,7c425609-c035-4057-b91c-13f1e48824b6
66,1460675,country parks,BESTWOOD,Known as a Country Park,207.61,SK559472,BESTWOOD (Country Park),,2076109.25151062,19398.4462721735,f5f75d53-8e0d-43e9-b6b6-441aba69cc35
67,1442739,country parks,BROKERSWOOD,Known as a Country Park,32.05,ST838526,BROKERSWOOD (Country Park),,320518.15945816,2891.46935082852,cf4e9e37-f4e9-499d-8c48-a31b73a18760
68,1443071,country parks,CROWBOROUGH,Known as a Country Park,7.33,TQ529299,CROWBOROUGH (Country Park),,73319.262008667,1483.49490073234,93290de5-eadd-471c-81d0-2bc18401050d
69,1442714,country parks,CROWN LAKES,Known as a Country Park,34.55,TL194944,CROWN LAKES (Country Park),,345523.591506958,2686.00637927856,870968a7-14ac-4590-a257-6bb534b1ce02
70,1421853,country parks,CROXTETH HALL,Known as a Country Park,221.76,SJ408943,CROXTETH HALL (Country Park),GSP001595,2217628.0306015,13719.3215877227,a775c32f-a77d-4643-9686-5acd71a27950
71,1421854,country parks,CUDMORE GROVE,Accredited,12.72,TM066146,CUDMORE GROVE (Country Park),GSP001500,127205.669296265,1826.93952604569,6282cee7-fa27-4c91-b2b5-f593085a9f71
72,1443054,country parks,CUERDEN VALLEY PARK,Known as a Country Park,240.42,SD569233,CUERDEN VALLEY PARK (Country Park),GSP003078,2404241.28556824,20350.0735545035,133bab3b-ef9c-4d4a-9566-2189820ebf3b
73,1421855,country parks,CUSWORTH PARK,Known as a Country Park,21.45,SE547038,CUSWORTH PARK (Country Park),GSP001902,214536.712722778,3208.03471072842,d6038a38-9dcd-44d8-afa7-1323d49b4b2c
74,1421856,country parks,DAISY NOOK,Known as a Country Park,40.7,SD922009,DAISY NOOK (Country Park),,406985.073638916,6969.79836668845,b1401144-bbc6-429c-8dc0-e2bc3e7d9cf6
75,1442983,country parks,DALEMAIN,Known as a Country Park,33.79,NY477270,DALEMAIN (Country Park),,337948.293579102,3005.02953673947,ab0e7a56-7eb4-45fd-bb5f-f26325743f64
76,1443050,country parks,CAMPSALL,Known as a Country Park,39.78,SE548136,CAMPSALL (Country Park),,397775.429473877,4043.54603293444,357110f1-3f23-4e09-bf08-832eeb130d70
77,1421839,country parks,CANNON HALL PARK,Known as a Country Park,34.9,SE274081,CANNON HALL PARK (Country Park),,349007.674972534,3126.6975016645,b0a551ed-fa56-4ff6-ad85-c3629a6b6a33
78,1443034,country parks,CANVEY HEIGHTS,Known as a Country Park,56.87,TQ821849,CANVEY HEIGHTS (Country Park),,568685.28679657,5377.5220191443,b4a44b6e-6a11-4cb8-b2df-a55e377d006b
79,1443051,country parks,CARNER,Known as a Country Park,18.15,TQ653670,CARNER (Country Park),,181515.608894348,2349.75732079828,846b4d85-3a1b-4d8d-afdd-685cc427fec8
80,1442947,country parks,CATTON PARK,Known as a Country Park,28.49,TG230118,CATTON PARK (Country Park),,284924.535690308,2955.92142679273,55a9ccec-02ec-478f-b69a-5195d05c8829
81,1460793,country parks,CHADKIRK ESTATE,Accredited,29.32,SJ939899,CHADKIRK ESTATE (Country Park),,293233.447296143,3872.15922063922,78a266bb-5d73-471c-9cb2-bba81b9f5243
82,1421841,country parks,CHASEWATER,Known as a Country Park,308.65,SK035079,CHASEWATER (Country Park),,3086516.20669556,8997.93125945021,3c7d463a-2e9a-48ed-9439-596231199761
83,1442944,country parks,CHURCH MARSHES,Known as a Country Park,53.47,TQ914653,CHURCH MARSHES (Country Park),,534741.557518005,7130.4609460305,728fdf0f-0ba6-4475-9b9c-3649c18e2145
84,1421842,country parks,CLARE CASTLE,Known as a Country Park,10.15,TL771452,CLARE CASTLE (Country Park),,101480.740936279,2543.89673511141,85dacc26-28b3-4308-b528-1dbc67c23364
85,1442745,country parks,CLEETHORPES,Known as a Country Park,61.48,TA306067,CLEETHORPES (Country Park),,614776.80557251,4545.59597070698,703ec453-a3d5-4454-8446-d2e15823b68e
86,1442980,country parks,CLENT HILLS,Known as a Country Park,150.55,SO934799,CLENT HILLS (Country Park),,1505524.91955566,13575.7734683737,5d0d579a-323e-4f94-a27e-f7c15b414c1b
87,1421843,country parks,CLIFTON,Known as a Country Park,48.87,SD774040,CLIFTON (Country Park),GSP001369,488682.43862915,6816.87844287822,6de0efa5-0262-4c0b-a31f-a7f96c30f1fa
88,1421844,country parks,CLUMBER,Known as a Country Park,1533.84,SK629751,CLUMBER (Country Park),,15338373.5762177,16171.7341587372,4f4e7f5c-ca2a-4ed9-b559-70e914b84fee
89,1421845,country parks,COATE WATER,Known as a Country Park,87.78,SU176821,COATE WATER (Country Park),GSP001165,877823.722679138,6982.58997976692,d5654f33-d3f7-4309-8191-5dd938667173
90,1421846,country parks,COCKINGTON,Known as a Country Park,139.34,SX890639,COCKINGTON (Country Park),GSP000884,1393375.46101952,8987.08401124636,ec915c1a-23b6-4d2f-926c-cb44b21f49cd
91,1442981,country parks,COLWICK,Known as a Country Park,97.79,SK607393,COLWICK (Country Park),,977878.213012695,5944.83141190143,5be3b325-7c65-404f-8fb6-23a6d251a9a2
92,1451098,country parks,CONSALL NATURE PARK,Known as a Country Park,102.14,SJ995481,CONSALL NATURE PARK (Country Park),,1021385.73529053,12274.4112741756,1657d863-669d-4e23-bc83-cfa3dae5cb54
93,1421848,country parks,COOMBE ABBEY,Accredited,153.56,SP394794,COOMBE ABBEY (Country Park),GSP001562,1535644.41222382,8175.07649259127,70df86a9-8c0e-406f-bca8-0676514fb4cb
94,1421847,country parks,COLEMERE,Known as a Country Park,61.33,SJ433331,COLEMERE (Country Park),GSP003540,613327.990585327,4341.2875245579,5ec36bc1-c0de-458f-a2ec-d9dab6a9504b
95,1443053,country parks,COTGRAVE,Known as a Country Park,66.82,SK647363,COTGRAVE (Country Park),,668204.470748901,7423.83676929532,4809aafa-c064-4ce6-88f5-39bce8ec7648
96,1442713,country parks,COTON,Known as a Country Park,112.64,TL414579,COTON (Country Park),,1126395.7872467,6741.74000179753,c80533cc-59d4-44cd-b5a2-6076ca0135af
97,1421849,country parks,COWPEN BEWLEY WOODLAND PARK,Known as a Country Park,103.12,NZ478253,COWPEN BEWLEY WOODLAND PARK (Country Park),GSP001136,1031155.25228882,13472.556964321,aa9140cb-4320-41ad-9727-29018da0cefd
98,1442982,country parks,CRAGSIDE,Known as a Country Park,405.98,NU077021,CRAGSIDE (Country Park),,4059801.26263428,10696.4759746146,33982faa-e154-4caa-b31c-d0611106a6f6
99,1421850,country parks,CRANFORD COUNTRYSIDE PARK,Known as a Country Park,42.13,TQ099778,CRANFORD COUNTRYSIDE PARK (Country Park),GSP003600,421320.982383728,3511.7065525421,5c2eb61d-e608-4e6e-a5f3-5ac4a9f0863c
100,1421852,country parks,CRICKLEY HILL,Known as a Country Park,57.48,SO931163,CRICKLEY HILL (Country Park),,574758.380584717,4101.52138490173,829fedb7-3b7d-4fc0-9fc0-61ab33c90820
101,1421857,country parks,DANBURY,Known as a Country Park,21.45,TL769048,DANBURY (Country Park),,214533.814430237,2704.94203394065,5b6ce61f-6662-43ae-bb4c-380679e2b16f
102,1421858,country parks,DARENTH,Known as a Country Park,32.7,TQ566725,DARENTH (Country Park),,326985.988479614,2268.67369796038,39d8a9ab-21d9-4e17-b48b-b7a8429e4728
103,1442984,country parks,DAVENTRY,Accredited,67.49,SP578637,DAVENTRY (Country Park),GSP000910,674899.727897644,3641.93247635699,8dc4e268-13d0-4fdc-ab96-95b1615bf0ad
104,1442741,country parks,DEARNE VALLEY,Known as a Country Park,73.64,SE362067,DEARNE VALLEY (Country Park),,736356.572235107,10600.9986339145,e964312d-7f34-45d7-b621-e9377a148cfd
105,1443056,country parks,DEEP HAYES,Known as a Country Park,58.37,SJ959528,DEEP HAYES (Country Park),,583705.54850769,6413.93194154111,8d6ee9ca-192b-4130-a152-bb455f8d2b98
106,1421859,country parks,DECOY,Known as a Country Park,39.28,SX864701,DECOY (Country Park),GSP001309,392842.910869598,3305.82374517114,a4fda48b-dc7b-4df1-a2cb-adf63f8a9ef6
107,1421860,country parks,DENHAM,Known as a Country Park,11.47,TQ049863,DENHAM (Country Park),,114712.650718689,2721.78106645607,cc40e780-3cf4-4ce7-83e0-64ec29748507
108,1421861,country parks,DERWENT WALK,Known as a Country Park,123.64,NZ176595,DERWENT WALK (Country Park),GSP001488,1236407.89237976,18176.5409820947,9827ad47-83a3-437a-befc-b42bfc35599e
109,1442935,country parks,DERWENTHAUGH,Known as a Country Park,46.65,NZ186609,DERWENTHAUGH (Country Park),GSP001488,466473.194351196,10145.2852029859,09abd8d2-cd9e-4c61-8e17-ea13854f4cd6
110,1421862,country parks,DINTON PASTURES,Known as a Country Park,134.96,SU778722,DINTON PASTURES (Country Park),,1349579.00654602,7196.55013857262,9779504b-0802-4614-85c2-b9775232f305
111,1421863,country parks,DITCHLING COMMON,Known as a Country Park,75,TQ334187,DITCHLING COMMON (Country Park),,750046.982364655,7220.84048542712,47f8e77d-3607-4da3-81a3-e2a1cc98719f
112,1421880,country parks,FORT VICTORIA,Known as a Country Park,19.37,SZ335894,FORT VICTORIA (Country Park),,193675.066093445,2854.10387357499,a07a72c0-4890-4f37-8339-dd8eafe3813d
113,1456156,country parks,GOLDEN ACRE,Known as a Country Park,45.02,SE270417,GOLDEN ACRE (Country Park),GSP001244,450165.586578369,3541.16531080917,091a7893-d778-4c38-8edc-0f3274f79dfa
114,1443063,country parks,GOLDEN HILL FORT,Known as a Country Park,21.06,SZ339877,GOLDEN HILL FORT (Country Park),,210633.92099762,2427.78635459458,b3211e3d-787f-4ed1-9aee-07778b28b1cc
115,1443062,country parks,DONINGTON LE HEATH,Known as a Country Park,4.63,SK422124,DONINGTON LE HEATH (Country Park),,46250.1213989258,1366.97476014582,eca75cf1-1093-4b8d-8674-bc3dfca19c6b
116,1421876,country parks,DONISTHORPE WOODLAND,Known as a Country Park,31.01,SK315145,DONISTHORPE WOODLAND (Country Park),,310094.2527771,3616.13159696773,85afd13a-6c7a-4682-a1f1-00f3464291fa
117,1421864,country parks,DRAYCOTE WATER,Known as a Country Park,8.78,SP464691,DRAYCOTE WATER (Country Park),,87753.9396057129,1528.9283715607,88395567-34be-4f0f-b0eb-aa13cf83c1bc
118,1421865,country parks,DRURIDGE BAY,Known as a Country Park,249.39,NU265002,DRURIDGE BAY (Country Park),,2493929.21604919,21001.1284439293,93413e2e-1e1e-4774-a334-50d3ff73349c
119,1421866,country parks,DUNSTABLE DOWNS,Known as a Country Park,54.22,TL006202,DUNSTABLE DOWNS (Country Park),,542173.357513428,5032.16757838389,b5945454-6585-409e-8091-bff5f218ef15
120,1421867,country parks,DURLSTON,Accredited,114.2,SZ027773,DURLSTON (Country Park),GSP001282,1142005.87326622,8441.30575600013,7be0224a-7410-4ef0-b628-15dc23330547
121,1443057,country parks,EAST CLIFF AND WARREN,Known as a Country Park,92.54,TR245373,EAST CLIFF AND WARREN (Country Park),,925442.259635925,13555.3933506051,4ad8c42f-f379-4821-a3e2-58ef7db57bfd
122,1421869,country parks,EASTBROOKEND,Known as a Country Park,147.61,TQ512860,EASTBROOKEND (Country Park),,1476066.74154663,8199.538679524,9ad0127c-30fe-443a-9651-a5dc81ba0a6c
123,1442986,country parks,EASTCOURT MEADOWS,Known as a Country Park,32.2,TQ804685,EASTCOURT MEADOWS (Country Park),,321986.185600281,5057.88766966971,7662859a-1650-44b6-9b3c-eb8d479ca4dd
124,1442953,country parks,EASTHAM WOODS,Known as a Country Park,42.34,SJ362817,EASTHAM WOODS (Country Park),,423375.274673462,4835.86183681862,9711e23b-8f1f-4c2c-8db3-f1be57c963f5
125,1442985,country parks,EASTON FARM,Known as a Country Park,13.8,TM275582,EASTON FARM (Country Park),,137971.930175781,2549.05617247425,d7d7be89-1029-4002-8f48-a7803ed69758
126,1421870,country parks,ELVASTON CASTLE,Known as a Country Park,72.76,SK408329,ELVASTON CASTLE (Country Park),,727648.616851807,5433.65164011603,40e15c52-4248-4b38-9c56-e8a2752ab0d0
127,1421871,country parks,EMBERTON,Known as a Country Park,50.93,SP882502,EMBERTON (Country Park),,509271.030418396,3904.83713745558,d7a68cd8-8e73-48c7-a9fb-fada65193cbf
128,1421872,country parks,ETHEROW,Accredited,67.68,SJ972915,ETHEROW (Country Park),GSP001219,676768.093505859,6577.76636824569,127153d1-d1e7-4504-ad38-06e077e58da1
129,1421873,country parks,FARLEY MOUNT,Known as a Country Park,111.05,SU428295,FARLEY MOUNT (Country Park),,1110546.64038467,11118.9097276426,0a9c59b8-bf4a-446b-9d48-2707123d67b2
130,1421875,country parks,FERMYN WOODS,Known as a Country Park,113.87,SP962852,FERMYN WOODS (Country Park),GSP001256,1138666.51409912,5831.83187972518,b5532b49-5972-43a5-bf16-7ce53f91eb6e
131,1421878,country parks,FLITCH WAY,Known as a Country Park,39.24,TL569210,FLITCH WAY (Country Park),,392398.146522522,44482.2589475299,2f839275-2e14-41e8-92e6-fb2c607b8b93
132,1421879,country parks,FOREST WAY,Known as a Country Park,32.88,TQ406366,FOREST WAY (Country Park),,328833.286308289,28262.1849705393,d613e48e-df4c-44aa-a647-88ade3fb093a
133,1443061,country parks,FOWLMEAD,Known as a Country Park,95.17,TR356539,FOWLMEAD (Country Park),,951735.740203857,4198.09484473655,6d741520-fcca-44dd-9e64-c666fb6e8ca3
134,1443059,country parks,FAIRLOP WATERS,Known as a Country Park,64.68,TQ458904,FAIRLOP WATERS (Country Park),,646810.174758911,4785.97027206022,cd3dd70b-c181-4f52-8096-07099f1d5241
135,1442987,country parks,FARWAY,Known as a Country Park,32.07,SY186941,FARWAY (Country Park),,320692.188596725,2992.83134778534,c7644cd1-3f0a-4a25-9793-aef139df98e5
136,1421874,country parks,FELL FOOT,Known as a Country Park,7.19,SD380869,FELL FOOT (Country Park),,71852.9463348389,1437.17676289996,370ef37b-1e5f-469a-b037-052db7560ff2
137,1443038,country parks,FOX CORNER,Known as a Country Park,6.27,SU961545,FOX CORNER (Country Park),,62681.6441345215,1575.38124143108,fdefdb80-8bca-4e28-9bb1-739031fa48a5
138,1421881,country parks,FRENSHAM,Known as a Country Park,357.73,SU855405,FRENSHAM (Country Park),,3577266.19148636,18193.2287297301,9dcd4cc3-c724-4c8d-a18e-850b0494bdc5
139,1442988,country parks,FITZWILLIAM,Known as a Country Park,68.7,SE422155,FITZWILLIAM (Country Park),,686963.20703125,3936.78373393806,53e382de-94d5-4042-88a2-a033d8f7f4ca
140,1421877,country parks,FLATTS LANE WOODLAND,Known as a Country Park,40.51,NZ545163,FLATTS LANE WOODLAND (Country Park),GSP002085,405116.280715942,5675.75682749027,caaa698f-d50e-415f-81e4-74e5292159ab
141,1421882,country parks,FRITTON LAKE,Known as a Country Park,178.4,TG482003,FRITTON LAKE (Country Park),,1784027.52415466,10215.4207604018,ec9c7266-82b5-43b5-9544-622822268ba5
142,1421883,country parks,FRYENT,Known as a Country Park,110.13,TQ196878,FRYENT (Country Park),,1101304.69696045,8628.75037472448,61665d83-4728-4d21-98d7-fdd7652009e6
143,1443067,country parks,HIGHFIELDS,Known as a Country Park,28.55,SJ882936,HIGHFIELDS (Country Park),,285458.565216064,3101.23958221371,64c816e8-bb84-45b8-a196-111af627d022
144,1442957,country parks,HIGHGATE COMMON,Known as a Country Park,123.71,SO840900,HIGHGATE COMMON (Country Park),,1237071.87687683,7691.13111513481,c0fe39c2-d3a5-47fb-bd2f-12bdc223d582
145,1421903,country parks,HINCHINGBROOKE,Accredited,61.41,TL219715,HINCHINGBROOKE (Country Park),,614137.954483032,4377.6167753793,a6bbca03-53da-4099-98e9-5994bf6a4bf6
146,1443068,country parks,HOLBURY MANOR PONDS,Known as a Country Park,5.71,SU428036,HOLBURY MANOR PONDS (Country Park),,57082.2052268982,1255.72071510895,e2409078-dd5b-44c8-8f54-83e98ab8c7b4
147,1443025,country parks,HOLLAND HAVEN,Known as a Country Park,42.82,TM218174,HOLLAND HAVEN (Country Park),,428211.95174408,6049.39343772815,ee3a0043-04a6-402c-8bd3-147379206a73
148,1421904,country parks,HOLLINGWORTH,Known as a Country Park,70.97,SD938148,HOLLINGWORTH (Country Park),,709659.169311523,6115.64954351446,bf3c5a39-d512-48bb-ada1-25a2d75350be
149,1443026,country parks,HOLLY HILL WOODLAND PARK (FAREHAM),Known as a Country Park,27.94,SU496076,HOLLY HILL WOODLAND PARK (FAREHAM) (Country Park),,279353.103199005,3815.38896740995,267f540a-217e-4648-a183-a2faa0e8abbe
150,1451099,country parks,HOLME BROOK,Known as a Country Park,57.19,SK355728,HOLME BROOK (Country Park),,571867.413192749,4399.48753924494,dd4c8c65-fbcd-474e-8b32-150a131eb693
151,1442958,country parks,HOLME PIERREPOINT,Known as a Country Park,94.8,SK617393,HOLME PIERREPOINT (Country Park),,947977.603393555,6900.12666325907,a48c891c-a328-4182-a151-7ff3cd09440c
152,1442989,country parks,"GOODWOOD ESTATE, THE",Known as a Country Park,72.21,SU893111,"GOODWOOD ESTATE, THE (Country Park)",,722110.356060028,7687.30915450396,e3e1a10e-555a-43ed-9288-73bb4ae63bb0
153,1421884,country parks,GRAND WESTERN CANAL,Accredited,48.56,ST018129,GRAND WESTERN CANAL (Country Park),GSP001884,485643.833889008,38866.3973199011,54aa5301-4e4a-4212-a3ed-81135a4291b9
154,1443065,country parks,GRANVILLE,Known as a Country Park,26.31,SJ719127,GRANVILLE (Country Park),,263093.638618469,5470.76100231789,1f2e83a8-1f47-4420-8cd6-452039e9c1ce
155,1421886,country parks,GRASSMOOR,Known as a Country Park,50.31,SK410675,GRASSMOOR (Country Park),,503114.241973877,3330.78952442452,da015350-f096-45b5-9926-681a6d6b5d7c
156,1443033,country parks,GREAT CORNARD,Known as a Country Park,14.22,TL894393,GREAT CORNARD (Country Park),,142222.757705688,2311.30108100451,8c6a65bc-c879-4195-9b83-83d00bb11acf
157,1421887,country parks,GREAT NOTLEY,Known as a Country Park,41.85,TL733211,GREAT NOTLEY (Country Park),GSP003576,418493.539886475,3546.99851848937,f25a6a92-6ae8-437a-9120-b363d67589fc
158,1442955,country parks,GREENWAY BANK,Known as a Country Park,48.48,SJ893553,GREENWAY BANK (Country Park),,484827.824645996,7641.19415136769,500abf11-6463-4a0c-b16f-bfbcc851d7ce
159,1421888,country parks,GUISBOROUGH FOREST AND WALKWAY,Known as a Country Park,5.89,NZ590149,GUISBOROUGH FOREST AND WALKWAY (Country Park),GSP001495,58894.2128295898,2619.35993568893,30c5205d-e7a5-4f53-a001-7175ffd5af49
160,1443020,country parks,GUNPOWDER PARK,Known as a Country Park,90.86,TQ381989,GUNPOWDER PARK (Country Park),GSP001203,908635.461143494,4071.04404206262,a458fb70-387a-4f46-be37-aeab60344f6f
161,1421889,country parks,HADLEIGH CASTLE,Known as a Country Park,168.51,TQ796858,HADLEIGH CASTLE (Country Park),GSP001965,1685052.33337402,12476.4517364235,9b405bb6-2e07-46b9-a405-b0c034520aab
162,1421890,country parks,HAIGH,Known as a Country Park,162.35,SD594080,HAIGH (Country Park),,1623524.16490173,12502.4808032444,1e059e30-1c47-4405-b2ea-5e534bbbd68c
163,1421891,country parks,HAINAULT FOREST,Known as a Country Park,446.66,TQ481933,HAINAULT FOREST (Country Park),GSP001397,4466616.23673248,10891.9661492097,e11b0424-3655-493c-9fb0-f090c000aa17
164,1421892,country parks,HAM HILL,Accredited,163.53,ST484163,HAM HILL (Country Park),GSP001163,1635326.03736496,10210.9609565099,5a616716-84ee-456c-a2e4-36c95515309c
165,1442969,country parks,HARDWICK HALL - DERBYSHIRE,Known as a Country Park,97.06,SK458639,HARDWICK HALL - DERBYSHIRE (Country Park),,970585.40222168,4136.06505906293,40d4d2ae-b186-4b8a-b9e8-722714c681d4
166,1421893,country parks,HARDWICK HALL - DURHAM,Known as a Country Park,253.07,NZ344291,HARDWICK HALL - DURHAM (Country Park),,2530721.21810913,9922.70592796828,53d5137f-8fbb-446f-9be9-75dc63bb933d
167,1421894,country parks,HARROLD-ODELL,Known as a Country Park,59.07,SP960569,HARROLD-ODELL (Country Park),,590714.361785889,3376.10506468458,cdf10fa5-a900-4251-a5f7-5abe96abd720
168,1442956,country parks,HARTSHILL HAYES,Known as a Country Park,54.81,SP320944,HARTSHILL HAYES (Country Park),,548056.642631531,4404.28854015147,6c6623fd-5179-4719-bdd7-a6e5ec46053d
169,1421895,country parks,HARTSHOLME,Known as a Country Park,46.27,SK944694,HARTSHOLME (Country Park),GSP001285,462726.006896973,3912.76740032721,b11e8386-5784-429b-a5cb-d62319b7d562
170,1421896,country parks,HASTINGS,Known as a Country Park,238.21,TQ849103,HASTINGS (Country Park),GSP001247,2382090.3080101,21145.1473445348,e5305d65-95f8-45d6-b136-151ddc95dc37
171,1421897,country parks,HATFIELD FOREST,Known as a Country Park,371.5,TL537201,HATFIELD FOREST (Country Park),,3715037.95002747,8974.73562299559,9381895a-7865-4118-abf0-4c4f951713be
172,1443066,country parks,HAVENSIDE,Known as a Country Park,11.4,TF346419,HAVENSIDE (Country Park),,114035.235198975,4092.33831038976,7d871c1c-be37-4dc6-8c52-1cb1fbee9a68
173,1442990,country parks,HAVERING,Known as a Country Park,63.22,TQ504927,HAVERING (Country Park),,632179.212005615,4822.88089087416,13d27ec4-97bf-414a-a6dd-2379e4d36a20
174,1442734,country parks,HAYSDEN,Accredited,65.13,TQ567459,HAYSDEN (Country Park),GSP001270,651265.029495239,8986.31698244462,e3707476-ea2d-47b5-ae3a-3b1d39474226
175,1421898,country parks,HEIGHTS OF ABRAHAM,Known as a Country Park,12.72,SK291585,HEIGHTS OF ABRAHAM (Country Park),,127186.820465088,1855.39664991709,a4e77237-bf71-4d4b-a4e7-f9b8148c1533
176,1421899,country parks,HERRINGTON,Known as a Country Park,136,NZ339535,HERRINGTON (Country Park),GSP001132,1359950.42353821,6525.99866571641,b5996029-76db-44d0-ae6b-027cbf51383f
177,1442730,country parks,HETTON LYONS,Known as a Country Park,55.22,NZ360475,HETTON LYONS (Country Park),,552169.412963867,4162.6720386698,9e9dd812-3e0e-46e8-a883-e75f4b021bfe
178,1421900,country parks,HIGH ELMS,Known as a Country Park,165.61,TQ444629,HIGH ELMS (Country Park),,1656147.96561432,11155.0335840905,993edce0-ad84-472a-aafc-74ed6292928d
179,1421902,country parks,HIGH WOODS,Known as a Country Park,139.97,TM003270,HIGH WOODS (Country Park),GSP001220,1399691.01055145,8365.80979067278,cb14bd8e-1e62-48ed-a698-9e0d8aa1a2ee
180,1421905,country parks,HOLT,Known as a Country Park,39.61,TG084377,HOLT (Country Park),GSP001227,396144.884597778,2913.62497765523,5dac5132-e72d-4d41-8aa8-5f5c462063e7
181,1421906,country parks,HORNCHURCH,Known as a Country Park,102.86,TQ533841,HORNCHURCH (Country Park),,1028625.28605652,6625.32348393567,5dc6b4ac-9ceb-4a0f-a325-6bb92f7ed617
182,1421907,country parks,HORTON,Known as a Country Park,184.02,TQ187620,HORTON (Country Park),,1840211.85410309,8529.18433657566,be78eea6-eb46-4339-841b-5195996b7a02
183,1421908,country parks,HUMBER BRIDGE,Known as a Country Park,33.84,TA020257,HUMBER BRIDGE (Country Park),,338420.815490723,4059.66388366424,6aa90adc-e817-4c26-a31e-3fed0fdf533f
184,1442715,country parks,HUTTON,Known as a Country Park,38.92,TQ636958,HUTTON (Country Park),,389185.932914734,3728.10171698901,64b0a80a-6248-440a-92b4-7f5a49c8ec3f
185,1442991,country parks,ILAM ESTATE,Known as a Country Park,123.76,SK139512,ILAM ESTATE (Country Park),,1237644.08370972,11469.4615611487,d453346a-645a-4efe-8daa-41d2352173f5
186,1421909,country parks,IRCHESTER,Known as a Country Park,80.16,SP912660,IRCHESTER (Country Park),GSP001175,801641.566085815,4998.73608365719,47f05cb0-4f20-487d-8fb0-c05a39ed2baf
187,1421926,country parks,LICKEY HILLS,Known as a Country Park,213.64,SO995754,LICKEY HILLS (Country Park),GSP000903,2136385.44597626,13602.2062116557,5e138b2d-320b-4c15-8297-4624d7cc0683
188,1421927,country parks,LIGHTWATER,Known as a Country Park,53.21,SU913619,LIGHTWATER (Country Park),,532068.922119141,3863.33679289856,4341b203-1e00-45dd-a7f5-21e34690fd37
189,1421928,country parks,LITTLE BUDWORTH,Known as a Country Park,63.93,SJ585658,LITTLE BUDWORTH (Country Park),,639273.471244812,5220.59393710112,7d979f5c-6ac3-4170-9c72-33f533b9fcbe
190,1443075,country parks,LODMOOR,Known as a Country Park,108.15,SY686813,LODMOOR (Country Park),,1081474.35971832,6050.82812119571,5e00103a-65f8-4f58-8bba-d1b87fc83a48
191,1442993,country parks,LONELY FARM,Known as a Country Park,25.46,TM365651,LONELY FARM (Country Park),,254574.382064819,2724.53894395713,f0e08586-2f6c-4062-8067-d55beb384f74
192,1442994,country parks,LONGLAND LAKE,Known as a Country Park,14.69,NY012127,LONGLAND LAKE (Country Park),,146863.315948486,2270.41168544132,c8a7de8b-997a-47f6-b07f-4971d0a6fdb2
193,1421929,country parks,LONGSHAW,Known as a Country Park,613.27,SK254791,LONGSHAW (Country Park),,6132674.57173157,18066.9121775497,0bb6a1d8-d956-467e-8574-2de7ead7953c
194,1456157,country parks,LOTHERTON HALL ESTATE,Known as a Country Park,57.12,SE449359,LOTHERTON HALL ESTATE (Country Park),GSP001081,571162.531600952,3263.08188029886,d4f811c8-a2a9-4bb9-8879-84a1727c8392
195,1443076,country parks,LOWER LEAS COASTAL,Known as a Country Park,10.65,TR221353,LOWER LEAS COASTAL (Country Park),GSP001580,106453.06337738,3208.61930907198,b72d4988-e268-4b9b-aac2-ec3e7dd59fba
196,1443077,country parks,LULLINGSTONE & PRESTON HILL,Known as a Country Park,294.33,TQ521638,LULLINGSTONE & PRESTON HILL (Country Park),,2943345.91204834,11923.063649739,16390d19-59f3-422c-bde8-74026fd9fd83
197,1421931,country parks,LYDIARD PARK,Known as a Country Park,107.63,SU098847,LYDIARD PARK (Country Park),,1076273.98570251,6129.11361933214,fcbb5f2c-1a4c-421d-97fa-f2180cd85591
198,1442960,country parks,LYME VALLEY PARK,Known as a Country Park,555.26,SJ965820,LYME VALLEY PARK (Country Park),GSP003192,5552606.45513916,14736.7697748303,ab89c22c-6053-4d4a-89b0-95454fd34af6
199,1421910,country parks,ITCHEN VALLEY,Known as a Country Park,170.73,SU458166,ITCHEN VALLEY (Country Park),,1707327.15368271,13176.5168966163,98c5d47f-9d5a-43ca-8f12-a3a97519ccd8
200,1443070,country parks,JAMES STEEL PARK,Known as a Country Park,31.18,NZ317544,JAMES STEEL PARK (Country Park),,311812.288955688,9316.44714264759,ef66884f-adb0-47e6-ac10-d6384dce6f32
201,1443027,country parks,JESKYNS,Known as a Country Park,149.84,TQ663691,JESKYNS (Country Park),GSP003012,1498359.61489105,8378.39801149175,35616290-d552-4e1a-b733-2339bcfa90c2
202,1421911,country parks,JUBILEE,Known as a Country Park,42.17,TQ436680,JUBILEE (Country Park),GSP003299,421673.816413879,5703.99020079003,56ed09dc-41ef-40a1-8590-1600abaa4a9d
203,1421885,country parks,JUBILEE WOOD,Known as a Country Park,18.95,SK511167,JUBILEE WOOD (Country Park),,189527.295700073,2583.21656590833,03b0cc00-ce5b-43eb-ad3e-8d374675881a
204,1421912,country parks,JUMBLES,Known as a Country Park,44.97,SD735144,JUMBLES (Country Park),,449697.263092041,5268.57262445117,f60a70f5-deab-4db2-be9f-d73252d4f3e9
205,1443073,country parks,KENNINGTON PARK,Known as a Country Park,14.37,TQ314776,KENNINGTON PARK (Country Park),,143668.799926758,2514.42837838578,64a40146-1839-41ee-9ddd-d2717d4111e3
206,1442992,country parks,KESSINGLAND,Known as a Country Park,26.27,TM516858,KESSINGLAND (Country Park),,262684.593063354,4082.84677862459,11533599-2041-4928-aab3-b83014a2af85
207,1421915,country parks,KEYNES,Known as a Country Park,43.08,SU028957,KEYNES (Country Park),,430827.874801636,3555.15059885746,fa50098a-04fe-463d-bcd9-35b9cab71de2
208,1443157,country parks,KINGFISHER,Known as a Country Park,199.94,SP136882,KINGFISHER (Country Park),,1999354.76715851,21653.6937379307,b07f5f56-cee5-44f3-b54c-1af54b2f81b7
209,1421916,country parks,KINGSBURY WATER PARK,Known as a Country Park,259.64,SP207964,KINGSBURY WATER PARK (Country Park),,2596398.00777435,11020.861835712,fcf4880c-080b-4f22-a1b4-9ff416dfe51f
210,1442959,country parks,KINGSFORD,Known as a Country Park,86.65,SO827817,KINGSFORD (Country Park),,866470.700630188,7011.47427711317,9b48db70-c72e-4e60-83dd-381e80e144a7
211,1421917,country parks,KIT HILL,Known as a Country Park,159.25,SX376713,KIT HILL (Country Park),,1592529.55249214,7158.22184696778,cd60d7d7-3156-4624-9b02-b53b48780ae1
212,1421918,country parks,KNEBWORTH,Known as a Country Park,139.78,TL228211,KNEBWORTH (Country Park),,1397811.92428589,7164.25096598116,79acaecf-6c71-4770-9c0e-7fe11090a5d7
213,1442716,country parks,KNETTISHALL HEATH,Known as a Country Park,149.22,TL951804,KNETTISHALL HEATH (Country Park),,1492159.49383545,7916.40424778819,5db4fc4d-aadb-486c-8c03-43f42466e094
214,1421919,country parks,LADDEREDGE,Known as a Country Park,26.99,SJ970549,LADDEREDGE (Country Park),,269942.080078125,4739.06860157936,03c18d56-46d5-4738-9b40-56b402b9b84e
215,1442727,country parks,LAKE FARM,Known as a Country Park,24.23,TQ090803,LAKE FARM (Country Park),GSP001356,242255.076896667,2523.01355601591,7359e992-90ca-47f6-9d3c-570813a610d0
216,1421920,country parks,LAKESIDE,Known as a Country Park,22.03,SU446176,LAKESIDE (Country Park),,220258.932468414,2211.49018368256,b273fd35-1916-40e2-8336-1a895da99c19
217,1443036,country parks,LAKESIDE NATURE RESERVE,Known as a Country Park,15.6,SU888517,LAKESIDE NATURE RESERVE (Country Park),,156022.734809875,2422.66780274919,73a2472b-5f97-4389-80c6-ac9fed7e1045
218,1421921,country parks,LANGDON HILLS,Known as a Country Park,10.25,TQ677865,LANGDON HILLS (Country Park),,102483.512031555,1523.43882667509,80a0de5b-8031-4d59-baaa-8d92e41aeeef
219,1421922,country parks,LANGLEY PARK,Known as a Country Park,61.61,TQ012821,LANGLEY PARK (Country Park),,616088.222618103,5289.85355042938,b4073c60-8070-41f3-9cfd-1da63ac9e6cb
220,1421923,country parks,LANGOLD PARK,Known as a Country Park,51.39,SK580864,LANGOLD PARK (Country Park),,513863.448822021,5912.62109497256,95fb8827-3b5d-42aa-9cde-ad3d086aaa8b
221,1443039,country parks,LANGROYD,Known as a Country Park,9.86,SD889413,LANGROYD (Country Park),,98588.4336700439,1474.98233990077,3ef6528d-ba94-4efd-96e0-fc78b91320f0
222,1421925,country parks,LEPE,Known as a Country Park,13.52,SZ461985,LEPE (Country Park),,135194.014812469,3983.20856556156,1e4567e5-c8b4-4a74-97c2-33774fa1eb10
223,1451100,country parks,LEVER PARK,Known as a Country Park,151.69,SD631136,LEVER PARK (Country Park),,1516936.6018219,6513.73353232533,027cac16-c884-4f71-a627-e30d349a2ae1
224,1442735,country parks,LEYBOURNE LAKES,Accredited,89.97,TQ704602,LEYBOURNE LAKES (Country Park),GSP001420,899709.929595947,5759.39949908619,d56d939a-3802-4bb8-aaa1-aa06a3baf210
225,1443074,country parks,LEYSDOWN COASTAL,Known as a Country Park,28.86,TR041699,LEYSDOWN COASTAL (Country Park),,288558.592636108,3647.44111853863,3f6f518a-c25b-4c16-b0ab-57ca10bdce00
226,1443085,country parks,NEWBOLD COMYN,Known as a Country Park,55.5,SP335659,NEWBOLD COMYN (Country Park),,554975.98638916,3684.061573886,bc255c1b-31b6-4f30-8268-db3b7ef49bd4
227,1443086,country parks,NEWBOLD QUARRY,Known as a Country Park,9.43,SP494769,NEWBOLD QUARRY (Country Park),,94255.4283370972,1396.75474738152,06f450e4-1edd-4f5d-8574-fe7c95b875ca
228,1421990,country parks,NEWHALL VALLEY,Known as a Country Park,86.58,SP129946,NEWHALL VALLEY (Country Park),GSP001622,865760.703567505,13306.8973750615,35504306-5b85-448b-b847-f6feefb760db
229,1421942,country parks,NEWMILLERDAM,Known as a Country Park,97.87,SE335149,NEWMILLERDAM (Country Park),,978699.42565918,5365.90680074296,d3dc292a-006a-42c3-ac98-b929896fbc8c
230,1421943,country parks,NORMANBY HALL,Known as a Country Park,73.03,SE887162,NORMANBY HALL (Country Park),,730310.112609863,5260.2637813699,d7f5ed27-3166-4cb1-9051-ab7e249d6014
231,1442996,country parks,NORSEY WOOD,Known as a Country Park,66.8,TQ687954,NORSEY WOOD (Country Park),,667987.231796265,4701.68425632337,a765037a-5bfd-4108-a312-d15572fc0e97
232,1451110,country parks,NORTH WIRRAL COASTAL,Known as a Country Park,69.49,SJ254913,NORTH WIRRAL COASTAL (Country Park),GSP003104,694944.699028015,14534.0515239502,865dfd9a-23f3-44fe-8062-d45061a65eae
233,1421944,country parks,NORTHAM BURROWS,Known as a Country Park,259.22,SS443306,NORTHAM BURROWS (Country Park),,2592226.70035172,7921.55806190672,b779070e-3110-475c-9b57-8db9c53369ed
234,1442995,country parks,MANOR PARK,Known as a Country Park,20.85,TQ680571,MANOR PARK (Country Park),,208533.430076599,2019.65946765425,be4eaa32-b125-497b-8a12-5ed4e0be1a4f
235,1421934,country parks,MAPLEDURHAM,Known as a Country Park,8.4,SU667769,MAPLEDURHAM (Country Park),,84048.5587997437,1874.23468648061,31efedc8-bf4b-4e59-b752-8aa1ca3ea27e
236,1421935,country parks,MARBURY,Known as a Country Park,341.69,SJ658754,MARBURY (Country Park),,3416948.51068115,12033.4337629086,ac6ad620-4a48-4fd6-b97b-9fc112725995
237,1442722,country parks,MARKET BOSWORTH PARK,Known as a Country Park,35.66,SK413029,MARKET BOSWORTH PARK (Country Park),GSP003198,356595.389823914,2996.62294792955,8afb9b62-2022-4bca-86eb-e81a8eb5161f
238,1421936,country parks,MARSH FARM,Known as a Country Park,196.35,TQ818963,MARSH FARM (Country Park),,1963487.18965912,18265.2760187009,3f6c4580-fb8f-406a-b437-94c32ae5497a
239,1442723,country parks,MATLOCK PARKS,Known as a Country Park,32.43,SK297589,MATLOCK PARKS (Country Park),,324283.043884277,9932.52698569736,afd59096-e546-464b-aa57-7c0cb1b685cd
240,1442728,country parks,MINET,Known as a Country Park,68.53,TQ110801,MINET (Country Park),GSP002045,685309.225578308,13152.4911426242,c8ac0ee9-1039-4242-a593-a3213ea87524
241,1420350,country parks,MOORS VALLEY,Accredited,583.26,SU114060,MOORS VALLEY (Country Park),,5832552.97802734,12561.8906075797,1f9e1309-7e80-4da1-96a3-ed3d3eb7060b
242,1421940,country parks,MOSES GATE,Known as a Country Park,99.92,SD742067,MOSES GATE (Country Park),GSP001564,999225.768508911,8874.36294262473,2f094e2e-6f18-4322-8154-da370d63d306
243,1443082,country parks,MOULDON HILL,Known as a Country Park,56.79,SU117877,MOULDON HILL (Country Park),,567941.494186401,7347.22557176589,a46c94a8-6c48-46ab-8225-663ade357a51
244,1421937,country parks,MARSTON VALE MILLENNIUM,Known as a Country Park,223.48,TL006417,MARSTON VALE MILLENNIUM (Country Park),GSP001560,2234799.09770203,6915.03960507078,adf73d01-7110-423d-8ad9-3be2e4109515
245,1460467,country parks,MELTON PARK,Known as a Country Park,57.11,SK759205,MELTON PARK (Country Park),,571105.948440552,4357.42639442983,d6329ee1-3d26-417e-860c-7196193deda1
246,1460794,country parks,MERSEY VALE,Accredited,14.56,SJ873901,MERSEY VALE (Country Park),,145639.845718384,3124.05699982351,de37564b-c223-4b5a-b866-60ec7f40db04
247,1443081,country parks,MIDLAND RAILWAY CENTRE,Known as a Country Park,11.11,SK419515,MIDLAND RAILWAY CENTRE (Country Park),,111084.043502808,3019.75181675212,63300b09-97a8-4b6d-9682-29a94a1edbce
248,1421939,country parks,MILTON,Known as a Country Park,32.72,TL479621,MILTON (Country Park),,327169.487625122,3316.60454360686,3aee5883-406f-4d4a-8f0b-f2a5c8a2d689
249,1421941,country parks,MOUNT EDGCUMBE,Known as a Country Park,363.41,SX451520,MOUNT EDGCUMBE (Country Park),,3634126.71653748,36207.272105747,4f6c27ca-ad36-4a32-af77-6c6f5c0c2510
250,1443083,country parks,NEIGH BRIDGE,Known as a Country Park,7.9,SU016947,NEIGH BRIDGE (Country Park),,78968.7434616089,1377.98871388774,c25fb5a5-9f40-4db6-b224-2fe03de55ee7
251,1443069,country parks,NENE PARK,Known as a Country Park,203.91,TL147976,NENE PARK (Country Park),,2039135.20878601,6877.00993605635,c500ef22-c45b-4b5e-b147-22dbf4288abd
252,1442742,country parks,NETHERWOOD,Known as a Country Park,17.09,SE394042,NETHERWOOD (Country Park),,170912.950912476,2258.13473737564,f9e8012d-a497-4d36-ba59-f218028a60d1
253,1442943,country parks,NORTHAW GREAT WOOD,Known as a Country Park,123.41,TL284042,NORTHAW GREAT WOOD (Country Park),,1234062.86468506,6352.96184110941,7581dcc8-be7e-41ba-b9e0-637594232df2
254,1443161,country parks,NORTHLANDS WOOD,Known as a Country Park,118.68,TQ689859,NORTHLANDS WOOD (Country Park),,1186796.14241791,11198.7564248422,a2070170-e3fb-407b-bf63-bbc62ddfde8c
255,1443089,country parks,NOWTON PARK,Known as a Country Park,67.37,TL867617,NOWTON PARK (Country Park),GSP001259,673737.997970581,4257.32690682911,9b577038-f884-4303-9ba4-dd6a72c17670
256,1421945,country parks,OAKWELL HALL,Accredited,41.36,SE217270,OAKWELL HALL (Country Park),GSP001348,413554.060531616,5721.22776380082,e85c7681-2d56-4d23-9ed3-2bc5a12e3737
257,1421946,country parks,OGDEN WATER,Known as a Country Park,62.68,SE059310,OGDEN WATER (Country Park),GSP001017,626780.018814087,5556.96693000594,e15b8c49-3895-483b-8da8-2096ac1d73b6
258,1443160,country parks,OLDBURY HALL ESTATE,Known as a Country Park,53.67,ST633768,OLDBURY HALL ESTATE (Country Park),,536708.785625458,8240.68798411073,c0dd74d4-892d-4f95-8d1f-5761aff2c837
259,1421948,country parks,ORWELL,Known as a Country Park,91.6,TM181414,ORWELL (Country Park),,915992.24307251,9737.59243220401,e8abbe32-4814-426b-bab0-318d8a43816a
260,1421959,country parks,RISING SUN,Known as a Country Park,150.46,NZ300688,RISING SUN (Country Park),,1504551.10284424,6370.09903701655,c79e3fa9-a56f-4ae4-a5c6-667c02bbb460
261,1421960,country parks,RIVER DART,Known as a Country Park,26.49,SX733701,RIVER DART (Country Park),,264876.978481293,2839.21055772693,1cb527b6-a03b-4595-9480-9a03471bf61d
262,1421963,country parks,ROBINSWOOD HILL,Known as a Country Park,99.31,SO839152,ROBINSWOOD HILL (Country Park),,993120.905754089,6948.43232109896,a6939604-6073-4738-abd2-b860c0583b67
263,1421965,country parks,ROTHER VALLEY,Known as a Country Park,307.69,SK455825,ROTHER VALLEY (Country Park),GSP001339,3076880.20690918,13731.4659149291,09c0e211-fec9-46d4-ab57-68edfc7509dd
264,1421966,country parks,ROUGHWOOD,Known as a Country Park,100.56,SJ984010,ROUGHWOOD (Country Park),,1005592.13580322,9113.45148151039,b082561a-6bd1-4670-bcb7-bb1d6b966350
265,1421970,country parks,RUTLAND WATER,Known as a Country Park,1553.34,SK892066,RUTLAND WATER (Country Park),,15533391.6404266,40171.0335520191,580cb862-b694-40a4-b8f6-188afef72b55
266,1443040,country parks,RIVERSIDE,Known as a Country Park,31.28,TQ817676,RIVERSIDE (Country Park),GSP002500,312773.849113464,4768.27837069843,cf77351e-cc3a-402e-b361-164e1c8f4bfe
267,1443002,country parks,ROBIN HILL,Known as a Country Park,24.12,SZ536878,ROBIN HILL (Country Park),,241169.911502838,2842.76894321753,bacf7214-3418-4c28-98c0-f3a45700f8ee
268,1421971,country parks,SALTBURN VALLEY,Accredited,23.41,NZ665209,SALTBURN VALLEY (Country Park),GSP001340,234055.247970581,5261.51331425601,7fd93a31-71c6-4ccb-949a-f61cfca1f2de
269,1443072,country parks,SALTERSFORD WOOD,Known as a Country Park,5.86,SK322135,SALTERSFORD WOOD (Country Park),,58596.3756942749,1097.9442960806,d3b13a78-a4a3-4cb2-84a6-75baf2b5d974
270,1456158,country parks,OTLEY CHEVIN,Known as a Country Park,175.17,SE215443,OTLEY CHEVIN (Country Park),GSP003358,1751685.28282166,13169.3034412924,23c1a6ea-1549-483f-b0cd-240492ce6a1a
271,1421949,country parks,PARK HALL,Known as a Country Park,132.18,SJ929447,PARK HALL (Country Park),,1321789.42116547,8273.85885891519,7a2c9d3f-c533-4a45-ad0b-7acb87b58201
272,1443092,country parks,PEENE QUARRY,Known as a Country Park,4.81,TR189382,PEENE QUARRY (Country Park),,48133.4795379639,1575.99543033165,b692fab6-9171-419a-b474-006c4baed260
273,1443093,country parks,PEGWELL BAY,Known as a Country Park,29.07,TR341631,PEGWELL BAY (Country Park),,290674.851722717,3498.78468649354,6ade4af2-d5c6-4b20-8244-47834ae4acb3
274,1442998,country parks,PENISTONE HILL,Known as a Country Park,71.1,SE021367,PENISTONE HILL (Country Park),,711015.820007324,4135.49025030957,18c70426-4342-4953-b539-e6c95a38aefe
275,1442999,country parks,PENNINGTON FLASH,Known as a Country Park,179.7,SJ639991,PENNINGTON FLASH (Country Park),,1796979.69424438,6939.99852065942,102c5e6b-c166-47e7-b13e-f785673885a3
276,1443037,country parks,PEWLEY DOWN NATURE RESERVE,Known as a Country Park,9.52,TQ008489,PEWLEY DOWN NATURE RESERVE (Country Park),,95154.4621276855,1634.84412374215,4e6583c9-276e-44ce-a0d3-b56d1481f828
277,1421950,country parks,PEX HILL,Known as a Country Park,11.52,SJ500887,PEX HILL (Country Park),,115188.642990112,1903.10120376559,3879b716-283c-4fdc-b742-4671c7b6b251
278,1443094,country parks,PHOENIX PARK,Known as a Country Park,64.55,SE466050,PHOENIX PARK (Country Park),GSP003217,645489.717666626,3967.4118562993,29352f98-e05f-47fb-a9e2-b3c13b1e5cd9
279,1442718,country parks,PISHIOBURY PARK,Known as a Country Park,35.92,TL479139,PISHIOBURY PARK (Country Park),,359236.783027649,3365.68369485597,b4bf3d64-2eab-4f24-9e19-bf209713a0b8
280,1442724,country parks,PLEASLEY PIT,Known as a Country Park,87.74,SK494645,PLEASLEY PIT (Country Park),,877356.391540527,10364.5766205069,eaf69958-6903-4520-bbbd-c3f4d12d737f
281,1421951,country parks,PLESSEY WOODS,Known as a Country Park,33.44,NZ239799,PLESSEY WOODS (Country Park),,334415.282577515,3920.03089977315,814ac978-ca57-48f6-88b7-fba3dbafa3be
282,1443028,country parks,POOLEY,Known as a Country Park,64.42,SK256036,POOLEY (Country Park),,644179.481124878,5187.94118595798,23554ee8-31fe-41bf-813d-2b284503e5bf
283,1443035,country parks,POOLSBROOK,Known as a Country Park,71.17,SK436735,POOLSBROOK (Country Park),,711651.343383789,8173.69663016024,e0af11cf-0d2b-4787-a343-b7557fc0b937
284,1442749,country parks,PORTLAND PARK,Known as a Country Park,9.43,SK499551,PORTLAND PARK (Country Park),GSP000975,94302.5097503662,1733.34188681803,816229c6-5813-44d0-920e-840c3cdb0229
285,1442725,country parks,POULTER,Known as a Country Park,74.34,SK525710,POULTER (Country Park),,743362.231277466,6323.33350184555,714e80c4-5fd1-481c-b19b-336a56a60c9e
286,1442731,country parks,POW HILL,Known as a Country Park,18.7,NZ009516,POW HILL (Country Park),,187022.463699341,2074.43174414391,97aa1cc0-43d4-4d93-b16c-319cdca96844
287,1443095,country parks,PRESTWICH,Known as a Country Park,195.46,SD800034,PRESTWICH (Country Park),,1954595.70297241,16756.4213511256,76232295-b854-4a1b-ab9a-82f0b4542a71
288,1421952,country parks,PRIORY,Known as a Country Park,105.94,TL074492,PRIORY (Country Park),GSP001265,1059383.82950592,6252.68794987393,2049f2dd-d805-4e33-a319-dc1ddbb47aa5
289,1443000,country parks,PUGNEYS,Known as a Country Park,68.49,SE329179,PUGNEYS (Country Park),,684872.501907349,4072.35288275005,37f4dc78-fe72-4c7b-adf7-0b23690e3591
290,1421953,country parks,QUARRY BANK MILL AND STYAL ESTATE,Known as a Country Park,84.32,SJ834825,QUARRY BANK MILL AND STYAL ESTATE (Country Park),,843193.099182129,8129.43606445393,f65b2f69-3ae0-4b69-a88f-0a3f8e272f6b
291,1442946,country parks,QUEEN'S PARK,Known as a Country Park,24.57,TQ673965,QUEEN'S PARK (Country Park),,245687.957168579,2331.10627942895,57fbc398-f71d-46cc-9708-c77123842c72
292,1421954,country parks,QUEEN ELIZABETH,Accredited,571.43,SU721193,QUEEN ELIZABETH (Country Park),GSP001158,5714257.62369537,21691.0752628607,159d972f-a0e9-44ad-aea5-b75aa478cbaf
293,1421955,country parks,QUEEN ELIZABETH II,Known as a Country Park,59.72,NZ285887,QUEEN ELIZABETH II (Country Park),GSP001558,597240.808273315,4018.64198852781,0035d977-6317-4af7-88f3-f8d3e6ebdf0d
294,1421956,country parks,QUEENSWOOD,Known as a Country Park,66.88,SO505512,QUEENSWOOD (Country Park),,668837.291824341,5468.79622379235,28899255-dedf-46db-8202-ac226513bcbf
295,1443001,country parks,RANSCOMBE FARM,Known as a Country Park,301.72,TQ707680,RANSCOMBE FARM (Country Park),,3017205.26918793,7401.23094205934,75a4f3ac-514e-4dfd-8fc6-471b64c2dab3
296,1443019,country parks,RAWCLIFFE,Known as a Country Park,11.99,SE577544,RAWCLIFFE (Country Park),GSP003551,119928.66569519,1561.71785565544,c68bde3e-beca-4e14-aa8b-008ee26659cb
297,1421957,country parks,RECULVER,Known as a Country Park,27.21,TR216689,RECULVER (Country Park),GSP001019,272133.374580383,6023.05988477953,259f8be0-3f50-47df-9840-4d13b8393bed
298,1442952,country parks,"RED, WHITE & BLUE",Known as a Country Park,8.25,TL493227,"RED, WHITE & BLUE (Country Park)",,82456.3154678345,1341.40663639471,5d7818ea-05e5-4ce6-8d3f-9cbb76ce6c26
299,1421958,country parks,REDDISH VALE,Accredited,160.98,SJ906918,REDDISH VALE (Country Park),GSP002102,1609801.65713501,18355.7307792126,9a8f06f3-b298-4043-be75-dfb6c19dd6aa
300,1443096,country parks,RIMROSE VALLEY,Known as a Country Park,106.15,SJ332987,RIMROSE VALLEY (Country Park),,1061489.2490921,9096.84782310584,1d61cd1c-279a-4afa-af8b-52c4e956b32a
301,1443029,country parks,RIVACRE,Known as a Country Park,47.27,SJ381772,RIVACRE (Country Park),,472746.485977173,9850.31550376784,ab48189b-5aff-4243-9816-cb11ad154457
302,1421961,country parks,RIVER LEE,Known as a Country Park,1153.69,TL377036,RIVER LEE (Country Park),,11536898.9092026,18746.7900726302,dfb26f86-d628-487a-849b-1ed7ddcef4b6
303,1421962,country parks,RIVERSIDE NATURE RESERVE,Known as a Country Park,34.23,TQ005517,RIVERSIDE NATURE RESERVE (Country Park),GSP003334,342322.251670837,4604.23004822096,533409fe-2e69-42c4-9c13-c14ca649341c
304,1421981,country parks,SNELSMORE COMMON,Known as a Country Park,55.96,SU460711,SNELSMORE COMMON (Country Park),,559649.078643799,4416.69793882665,3bd1c668-1ef2-4a93-a009-118a46867bfe
305,1443080,country parks,SNIBSTON,Known as a Country Park,29.79,SK416141,SNIBSTON (Country Park),,297924.026947021,5683.79422154536,22c45f5e-287f-4cd7-a025-363f94a7b48b
306,1421984,country parks,STALYBRIDGE,Known as a Country Park,42.98,SJ981990,STALYBRIDGE (Country Park),,429762.212463379,8911.2308689723,c8b3fb82-3528-48ab-9841-81920208edc7
307,1442720,country parks,STANBOROUGH PARK,Known as a Country Park,52.56,TL228111,STANBOROUGH PARK (Country Park),GSP000946,525557.829307556,6042.97573621001,b0baa0e6-5da3-4a3f-8242-555e199f1bf9
308,1443108,country parks,STANMORE,Known as a Country Park,60.55,TQ168930,STANMORE (Country Park),,605498.634315491,6523.11154302152,a9ad9649-67d1-4f5a-8771-d95cd57ee87a
309,1442729,country parks,SOUTH NORWOOD,Known as a Country Park,43.78,TQ352682,SOUTH NORWOOD (Country Park),,437795.02482605,4410.23092688573,6f9f846f-9125-4402-a295-be3f0cfdd344
310,1443107,country parks,SPICEBALL,Known as a Country Park,18.74,SP457412,SPICEBALL (Country Park),,187411.900543213,2518.02359558881,8202594c-2496-4ac9-8175-8b9ec775d52a
311,1451106,country parks,ST FAITH'S,Known as a Country Park,16.91,TQ586937,ST FAITH'S (Country Park),,169142.634788513,2330.92507708935,fd171871-95ee-4306-8a8d-8fefa2218255
312,1421967,country parks,ROYAL VICTORIA,Known as a Country Park,55.34,SU463078,ROYAL VICTORIA (Country Park),GSP001022,553405.122272491,3674.38784388058,5377ecce-c5dd-4554-af58-9245d22a83b3
313,1443099,country parks,ROYDEN PARK,Known as a Country Park,36.62,SJ244857,ROYDEN PARK (Country Park),GSP003102,366234.178070068,4874.26651518831,ada4232d-ffb7-4486-9bb6-c8b295380553
314,1421968,country parks,RUFFORD,Accredited,62.47,SK645651,RUFFORD (Country Park),GSP001266,624704.04258728,4006.79140732436,b4e3ea36-6ee4-41b7-8ba2-43d0d8a6d0c6
315,1421969,country parks,RUSHCLIFFE,Accredited,81.33,SK573320,RUSHCLIFFE (Country Park),GSP001413,813250.651367188,8775.71993548355,6f2e6728-86b8-40da-b6a7-e113f7a69751
316,1443100,country parks,RYTON POOLS,Known as a Country Park,39.88,SP372724,RYTON POOLS (Country Park),,398821.183372498,3366.80474253727,2c1e21d9-b459-48ea-a3cc-f551d53de17e
317,1443102,country parks,SAMPHIRE HOE,Known as a Country Park,32.14,TR291389,SAMPHIRE HOE (Country Park),GSP001156,321401.285957336,4058.76537575736,4d05d9a4-8168-4f98-84ee-e51b584d3564
318,1443003,country parks,SANDRINGHAM,Known as a Country Park,203.67,TF682282,SANDRINGHAM (Country Park),,2036705.3739624,11617.9382729412,0a4dcd4d-4af2-4df2-bbc9-5add8f01946a
319,1421972,country parks,SANDWELL VALLEY,Accredited,144.72,SP026921,SANDWELL VALLEY (Country Park),GSP002088,1447184.74390411,10632.7898086613,51ffb787-5e81-42ef-a439-bc2538921eb6
320,1443103,country parks,SANKEY VALLEY PARK,Known as a Country Park,36.03,SJ546958,SANKEY VALLEY PARK (Country Park),,360302.897476196,12287.8881410949,0216b190-073f-4772-be55-897fa741d542
321,1421973,country parks,SCADBURY ESTATE,Known as a Country Park,303.39,TQ449694,SCADBURY ESTATE (Country Park),,3033879.69132996,14806.6932288338,5ce5a952-4b5b-45d2-952d-5135e28cd879
322,1421974,country parks,SEATON,Known as a Country Park,55.15,SX303554,SEATON (Country Park),,551459.539665222,10644.173119798,0d3f1641-3354-43b6-8e13-cc7e65b70399
323,1421938,country parks,SENCE VALLEY,Known as a Country Park,64.25,SK399111,SENCE VALLEY (Country Park),,642472.296432495,4328.21459513502,b485fe07-7765-4d64-95ae-992a54c77db1
324,1443030,country parks,SEVEN ACRES,Known as a Country Park,30.69,SD736100,SEVEN ACRES (Country Park),,306883.567871094,3685.09193600796,02b856b7-fc43-4376-ac3b-b9a9a2cd0e59
325,1421975,country parks,SEVEN SISTERS,Known as a Country Park,279.48,TV523985,SEVEN SISTERS (Country Park),,2794756.98206711,13128.00947187,cb68f1fd-3bd6-4b28-ba1a-80552b4badab
326,1421976,country parks,SEVERN VALLEY,Known as a Country Park,50.84,SO751838,SEVERN VALLEY (Country Park),GSP001101,508425.985694885,7876.13610917922,d4770cd3-aed6-4842-8299-8d64b595d584
327,1443078,country parks,SHEET HEDGES,Known as a Country Park,30.67,SK527087,SHEET HEDGES (Country Park),,306683.419998169,3616.92174031924,a67546a7-19f3-4057-841b-0babb18d1c13
328,1443104,country parks,SHELDON,Known as a Country Park,67.3,SP156848,SHELDON (Country Park),,672952.442710876,10822.9345709217,c032caec-ab96-40c8-95ec-16862839b937
329,1421977,country parks,SHERWOOD FOREST,Known as a Country Park,76.15,SK623677,SHERWOOD FOREST (Country Park),GSP001122,761453.424545288,3956.51655583783,13f4faff-2cc1-40e5-b154-a4d0e44ab87a
330,1443105,country parks,SHINEWATER PARK,Known as a Country Park,70.24,TQ612031,SHINEWATER PARK (Country Park),,702449.471378326,4295.8168383481,ac27b53b-02a3-441f-b20c-a912551b613f
331,1421978,country parks,SHIPLEY,Known as a Country Park,366.49,SK439441,SHIPLEY (Country Park),GSP003224,3664905.71517944,21789.6172703988,0f5b24a4-b343-4f9e-b5e4-b6c82c125506
332,1421979,country parks,SHORNE WOOD,Known as a Country Park,129.45,TQ682701,SHORNE WOOD (Country Park),GSP002021,1294477.90013885,7135.19971900697,87d998e6-d1ef-4741-8696-972cccfc856b
333,1421980,country parks,SHOTOVER,Known as a Country Park,113.07,SP560053,SHOTOVER (Country Park),,1130741.73002625,9692.19322285047,550eff46-9cb8-474a-b319-e5142fbbf0ba
334,1443031,country parks,SMITHILLS,Known as a Country Park,793.76,SD675129,SMITHILLS (Country Park),,7937627.29974365,15580.7787355268,7a2986b9-76df-41a3-9ab0-edbbdd122727
335,1443004,country parks,SNIPE DALES,Known as a Country Park,40.2,TF333684,SNIPE DALES (Country Park),,401953.707717896,2998.476481631,0e6b766f-e2b5-4b66-a5d0-3a401333328b
336,1442736,country parks,SOUTHAMPTON COMMON,Known as a Country Park,143.26,SU415145,SOUTHAMPTON COMMON (Country Park),GSP001476,1432640.45140839,9411.17043220838,67ca6a61-abad-4877-b35e-8646e6dd87c0
337,1442719,country parks,SOUTHERN PARKLAND,Known as a Country Park,23.39,TL475192,SOUTHERN PARKLAND (Country Park),,233949.443901062,3439.20725382385,a951b614-2f2d-4968-9c39-79964e83e2fe
338,1421982,country parks,SOUTHWATER,Known as a Country Park,31.26,TQ160258,SOUTHWATER (Country Park),,312571.453865051,5310.64183668956,af083d7b-ad15-4b2e-89c8-ae26c4c21751
339,1421983,country parks,STADT MOERS,Known as a Country Park,87.4,SJ462908,STADT MOERS (Country Park),,873970.628509521,9660.06341013688,ce47b053-dc0f-4e6e-ae12-a202f9a21de2
340,1443109,country parks,STANNEY WOODS,Known as a Country Park,22.28,SJ398741,STANNEY WOODS (Country Park),GSP001492,222822.833724976,2327.69729300642,f86c02ee-ae30-4a14-a41c-72df1c8f8349
341,1442743,country parks,STANTON PARK,Known as a Country Park,74.5,SU177896,STANTON PARK (Country Park),GSP003426,744980.629760742,4278.15742538426,0ebf9e34-32e8-4d71-a626-ae09a4a3bda1
342,1442726,country parks,STANWICK LAKES,Known as a Country Park,238.12,SP967717,STANWICK LAKES (Country Park),,2381236.71596527,10239.6089305812,ff028c26-887e-4f66-8549-e33972b3d308
343,1421985,country parks,STAUNTON,Known as a Country Park,193.74,SU715093,STAUNTON (Country Park),GSP001157,1937416.71538544,8926.49491598264,df2870f8-8e05-4ed6-9bcd-1af3ca5e44be
344,1421986,country parks,STOCKGROVE,Known as a Country Park,13.86,SP917293,STOCKGROVE (Country Park),,138584.393241882,2044.66660954126,41193b73-edfc-41dd-8c7e-7aac98870643
345,1443110,country parks,STOCKLEY,Known as a Country Park,18,TQ072808,STOCKLEY (Country Park),,180047.475662231,2094.48355936942,1d5cf199-1e23-400b-8c46-7a6ffcbfc3c4
346,1421987,country parks,STOVER,Accredited,45.67,SX834752,STOVER (Country Park),GSP001107,456707.941350937,3751.21365273932,a0a4c2b3-5073-4f09-b6e3-aa2cd406935e
347,1421988,country parks,SUMMERHILL,Known as a Country Park,41.37,NZ486313,SUMMERHILL (Country Park),GSP001581,413683.005325317,3456.4579302689,b2f08ba0-82ce-4dba-8255-796aba98cf2d
348,1421989,country parks,SUNDON HILLS,Known as a Country Park,48.96,TL052289,SUNDON HILLS (Country Park),,489618.196624756,4883.45015730915,98088013-1a21-481f-b907-db30f9b8c6e8
349,1443158,country parks,SUTTON PARK,Known as a Country Park,811.13,SP098970,SUTTON PARK (Country Park),,8111282.46339417,23021.059855953,42b6da89-fc68-4aae-aff8-f91c7818497d
350,1421991,country parks,SWANSCOMBE HERITAGE PARK,Known as a Country Park,28.08,TQ596744,SWANSCOMBE HERITAGE PARK (Country Park),,280816.291023254,3166.85918486306,9b8be6fe-b390-44c4-ac86-ab5589d4b7e7
351,1451102,country parks,SWIFT VALLEY,Known as a Country Park,26.69,SP504780,SWIFT VALLEY (Country Park),,266939.960235596,2973.16106506733,61cdc047-bcb2-4d8d-9f7a-d25b79c1c829
352,1421994,country parks,TANDLE HILL,Known as a Country Park,47.26,SD904085,TANDLE HILL (Country Park),,472584.489440918,3318.28996253018,ba55c252-7741-46d3-b989-ff9d5c142adb
353,1421992,country parks,SYWELL,Known as a Country Park,57.22,SP830656,SYWELL (Country Park),GSP001442,572231.930557251,5576.02446242134,0cc850dd-1707-4fd7-b91a-92cc8093e32a
354,1421993,country parks,TALKIN TARN,Known as a Country Park,61.87,NY544587,TALKIN TARN (Country Park),,618729.953842163,3601.19079187755,276f5903-8283-49a5-9ea5-ce263250b799
355,1421995,country parks,TATTON PARK,Known as a Country Park,415.82,SJ750810,TATTON PARK (Country Park),GSP002283,4158153.84111023,12876.6343465351,543eb3d8-663a-447a-a604-8af4033efeb7
356,1421996,country parks,TEGGS NOSE,Accredited,52.81,SJ947723,TEGGS NOSE (Country Park),GSP001738,528051.124862671,3999.9559142966,9814e051-52d0-479b-98e7-4c2600811d18
357,1421997,country parks,TEHIDY,Known as a Country Park,104.79,SW641433,TEHIDY (Country Park),,1047856.41479063,13584.3383377333,bac4437a-aefc-40ce-90b4-a4898a1e54bc
358,1451103,country parks,TERRACED GARDENS RIVINGTON,Known as a Country Park,19.89,SD638140,TERRACED GARDENS RIVINGTON (Country Park),,198936.952987671,2138.16826057235,48b891d6-f222-484b-a04f-c54c7573a222
359,1451104,country parks,TESTON BRIDGE,Known as a Country Park,12.43,TQ706530,TESTON BRIDGE (Country Park),,124261.497566223,1535.22762978221,6ca2da04-b9f0-4948-b628-2bf93789a18a
360,1442744,country parks,THE MERE AT ELLESMERE,Known as a Country Park,64.32,SJ406348,THE MERE AT ELLESMERE (Country Park),,643200.177818298,4570.64401181913,c525b25c-053c-4acc-9b27-8f6d0d829823
361,1443156,country parks,THE SHIRE,Known as a Country Park,91.28,SP093801,THE SHIRE (Country Park),,912833.140556335,20516.9661400274,185daafe-80fe-418c-b644-f3f7a0c44c94
362,1421999,country parks,THORNDON,Known as a Country Park,222.9,TQ619897,THORNDON (Country Park),GSP001967,2228962.21108246,16368.5893303494,47c6aaa4-e618-4ebd-ab15-6c6f1300ed82
363,1443032,country parks,THORNEY PARK,Known as a Country Park,21.03,TQ047791,THORNEY PARK (Country Park),,210341.856697083,2207.57767952766,236f5d72-03a1-49c0-a02a-08af6108872e
364,1422000,country parks,THRYBERGH,Known as a Country Park,31.72,SK475959,THRYBERGH (Country Park),GSP001264,317169.513381958,3509.53607751955,b2e49e5f-76eb-4a22-bb9a-b792e77cb223
365,1422001,country parks,TILGATE PARK,Known as a Country Park,100.28,TQ275342,TILGATE PARK (Country Park),GSP000980,1002829.7853775,5198.34710601348,73eff82e-8974-4534-b0c6-49d81f76176a
366,1443006,country parks,TRENT PARK,Known as a Country Park,126.58,TQ294970,TRENT PARK (Country Park),,1265762.53549194,15388.2574881613,a6284143-b81e-4af4-a03c-cddd9c260409
367,1422002,country parks,TROSLEY,Known as a Country Park,51.87,TQ641612,TROSLEY (Country Park),GSP001567,518718.435813904,4308.29550465439,0e1ed810-7647-4e78-9818-68bfaa930eb8
368,1422003,country parks,TYNE GREEN,Known as a Country Park,53.55,NZ154656,TYNE GREEN (Country Park),,535484.243988037,7507.60316362469,d2f169ae-132d-401c-a4c4-1eeaa4df88a6
369,1422004,country parks,TYNE RIVERSIDE,Accredited,60.37,NZ102642,TYNE RIVERSIDE (Country Park),GSP002971,603651.928283691,17551.8234192213,3ac4fc1b-d798-44c9-a5c4-5631a68ef655
370,1422005,country parks,ULLEY,Known as a Country Park,19.49,SK455875,ULLEY (Country Park),GSP001506,194868.360137939,3757.66840279228,af4683b0-3bd8-491b-bc27-6932c4c7439f
371,1420351,country parks,UPTON,Known as a Country Park,21.43,SY993929,UPTON (Country Park),GSP001546,214301.693222046,2155.91750647501,c1e89ee2-8be6-4cec-a96d-4440c79f7016
372,1422006,country parks,VICAR WATER,Known as a Country Park,90.55,SK588625,VICAR WATER (Country Park),GSP000925,905480.295700073,4673.43519494167,87c53fde-2367-4823-906b-b58342c4e17c
373,1443009,country parks,WALDRIDGE FELL,Known as a Country Park,114.33,NZ250496,WALDRIDGE FELL (Country Park),,1143269.85997009,5885.82757082866,66cbddda-b218-42db-8ba5-96fac73e4da1
374,1422008,country parks,WANSBECK RIVERSIDE PARK,Known as a Country Park,126.53,NZ274858,WANSBECK RIVERSIDE PARK (Country Park),,1265252.02619934,17386.5452690546,6f4ce479-1e8c-4a1c-8010-0a0f60a0137f
375,1457110,country parks,WASELEY HILLS,Accredited,60.91,SO973776,WASELEY HILLS (Country Park),,609140.341812134,6768.82512231278,ce624e96-abaa-43db-b9f1-5570aa97209e
376,1422010,country parks,WAT TYLER,Known as a Country Park,44.17,TQ736863,WAT TYLER (Country Park),,441728.190246582,4492.07719842392,7ec1d2d1-ab29-47a0-99b9-6dfd555ea2bd
377,1422011,country parks,WATERMEAD,Accredited,155.37,SK604098,WATERMEAD (Country Park),GSP001052,1553728.8951416,8881.56769980986,ed25c041-0e30-48ed-a2e1-77fd9de975d0
378,1443115,country parks,WATERS EDGE,Known as a Country Park,42.08,TA031231,WATERS EDGE (Country Park),,420818.632949829,4503.83180471718,da99910f-b147-4270-bab2-3f17a6535672
379,1422012,country parks,WEALD,Known as a Country Park,170.24,TQ570946,WEALD (Country Park),,1702401.63497162,7216.76222328343,a47d251a-fe9b-4cc7-b10d-389126866ede
380,1443008,country parks,WALTON,Known as a Country Park,78.35,SE360180,WALTON (Country Park),,783500.953018188,4004.25240952365,6834b7df-42de-4b33-847c-9b6414a3699b
381,1422007,country parks,WANDLEBURY,Known as a Country Park,50.64,TL496534,WANDLEBURY (Country Park),,506363.839294434,5137.235087418,803526c9-8fd1-4d74-9cbb-47077f95e81e
382,1451107,country parks,MERRYMEADE,Known as a Country Park,13.88,TQ598947,MERRYMEADE (Country Park),,138806.44606781,2335.28346714667,051db20e-2e8b-453c-b046-095564a88625
383,1456499,country parks,BOSWORTH BATTLEFIELD,Known as a Country Park,5.5,SK397001,BOSWORTH BATTLEFIELD (Country Park),,55018.830329895,2908.1905527719,080693a9-b17f-412d-a566-d029e081d375
384,1460673,country parks,SHIBDEN,Known as a Country Park,12.24,SE102251,SHIBDEN (Country Park),,122399.517456055,2644.96813021463,1dc29288-1a5c-4b58-99f8-464930b771b5
385,1443106,country parks,SOUTHWICK,Known as a Country Park,61.4,ST837560,SOUTHWICK (Country Park),,613982.145523071,4312.66022174713,db37b586-951f-4622-b307-9aa5fc2596c1
386,1442721,country parks,WARLEY,Known as a Country Park,24.07,TQ584924,WARLEY (Country Park),,240686.123878479,3212.99658505265,363e3bab-00a0-4b0b-9d68-ec790f9f5f4e
387,1443021,country parks,WEETSLADE,Known as a Country Park,39.06,NZ253725,WEETSLADE (Country Park),,390637.233642578,3548.4791827878,ee1965a0-ec61-4bbd-be82-9be63f388cd5
388,1422013,country parks,WERNETH LOW,Known as a Country Park,83.68,SJ964932,WERNETH LOW (Country Park),GSP001117,836830.317123413,7357.62945245165,13029b51-d94a-420e-840a-a8442a8ee6a9
389,1443011,country parks,WEST DEAN ESTATE,Known as a Country Park,16.44,SU873126,WEST DEAN ESTATE (Country Park),,164400.748020172,2440.19285281123,ffb5fc2b-7ee2-4b66-94fd-f75f1c09d3b9
390,1422014,country parks,WEST STOW,Known as a Country Park,47.47,TL797713,WEST STOW (Country Park),,474739.429672241,3997.89308183398,4b956f8f-2523-4416-9aba-37427235d56b
391,1443162,country parks,WESTLEY HEIGHTS,Known as a Country Park,26.67,TQ683866,WESTLEY HEIGHTS (Country Park),,266741.848213196,2807.91408016899,ed2f1708-9bb8-4c94-a098-e9a87090671f
392,1443117,country parks,WHINLATTER FOREST PARK,Known as a Country Park,1217.53,NY201238,WHINLATTER FOREST PARK (Country Park),,12175290.4524689,35983.0394112151,28dae038-c0c0-4910-b988-77fd60ceac2d
393,1422016,country parks,WHITE HORSE WOOD,Known as a Country Park,28.97,TQ806584,WHITE HORSE WOOD (Country Park),,289722.530921936,3139.65163822704,a85bd758-c22b-4fb5-b541-d5ca3a543742
394,1443118,country parks,WHITEWEBBS,Known as a Country Park,56.35,TQ324995,WHITEWEBBS (Country Park),,563482.599876404,5348.97372344143,e1641240-5b61-4beb-91ba-5aa49abbcd55
395,1422017,country parks,WHITLINGHAM,Known as a Country Park,94.15,TG261078,WHITLINGHAM (Country Park),GSP001475,941511.59588623,6648.29900412632,42e92cb9-ba7b-4d2b-ad45-38c2f4e40eb9
396,1443119,country parks,WHITWORTH HALL,Known as a Country Park,186.66,NZ239348,WHITWORTH HALL (Country Park),,1866555.12745667,8498.20052870389,4aca6dc1-7dde-4f76-9625-feaf04c5e999
397,1442945,country parks,WICK,Known as a Country Park,18.69,TQ759916,WICK (Country Park),,186933.333641052,2126.10402068371,d8e66a6d-7d5a-44d3-98c4-0703bee2f919
398,1443005,country parks,WINDLESTONE HALL,Known as a Country Park,154.48,NZ262283,WINDLESTONE HALL (Country Park),,1544783.45982361,8440.96915790355,3e206056-5619-4970-813c-96857373ad50
399,1422018,country parks,"WIRRAL, THE",Known as a Country Park,40.9,SJ238834,"WIRRAL, THE (Country Park)",GSP003105,408987.316017151,36311.0753625458,01c826ac-2c93-41e1-ab85-417c9e4c96e3
400,1443120,country parks,WITHAM WAY,Known as a Country Park,19.05,TF315455,WITHAM WAY (Country Park),,190511.149795532,6351.81599021717,ca11e93f-cd99-4cc1-b91e-a296b5d16338
401,1422019,country parks,WITTON,Known as a Country Park,179.72,SD656275,WITTON (Country Park),GSP001036,1797180.4924469,7215.46240487812,2e3c6a5c-021a-45f6-9aba-0e7d356472e0
402,1422020,country parks,WOODGATE VALLEY,Accredited,192.42,SO997832,WOODGATE VALLEY (Country Park),,1924226.7057724,21716.7932199051,ea29f435-e548-439f-84ec-ecb3e44f9b12
403,1422021,country parks,WORCESTER WOODS,Accredited,33.85,SO877544,WORCESTER WOODS (Country Park),GSP001168,338455.676353455,3513.3065531644,74fd962a-c58b-436d-aee7-ae398b44a749
404,1443012,country parks,WORSBROUGH MILL,Known as a Country Park,62.53,SE348033,WORSBROUGH MILL (Country Park),,625323.925125122,10303.0860660807,86d44e95-9186-4352-8893-496970e306e9
405,1451108,country parks,WORTH WAY,Known as a Country Park,20.46,TQ378381,WORTH WAY (Country Park),,204560.556968689,14056.5617586333,faeee59a-2c6c-42ac-9c8e-2cab5666bc45
406,1422022,country parks,WYCOLLER,Known as a Country Park,145.09,SD935388,WYCOLLER (Country Park),,1450916.5811615,11029.4338993681,8d3b124b-23ba-4e17-a42d-b954749d2c2b
407,1422023,country parks,WYNYARD WOODLAND PARK,Known as a Country Park,176.92,NZ396272,WYNYARD WOODLAND PARK (Country Park),GSP001360,1769187.32206726,20338.0653846771,1a3312bd-2541-4c41-a055-1ca880b650e9
408,1422024,country parks,WYRE ESTUARY,Known as a Country Park,66.2,SD356432,WYRE ESTUARY (Country Park),GSP001038,662035.638137817,9878.85945812293,9807c99c-5fa5-4482-8720-f016a4447aac
409,1443018,country parks,YARROW VALLEY,Accredited,222.95,SD587155,YARROW VALLEY (Country Park),GSP001335,2229481.64926147,31594.3093114344,ecb6eb6a-f173-4238-80a8-c9f2129ae9e2
410,1422025,country parks,YATELEY COMMON,Known as a Country Park,190.53,SU824594,YATELEY COMMON (Country Park),,1905349.28675079,15631.955729882,05d42b90-976a-45d2-b366-8355004f9ce1
411,1422026,country parks,YEOVIL,Accredited,52.13,ST556153,YEOVIL (Country Park),GSP001164,521283.133621216,14575.6622794063,f684571a-fde2-4de5-a1db-b862b27fe289
412,1451105,country parks,WORTHINGTON LAKES,Known as a Country Park,29.02,SD583108,WORTHINGTON LAKES (Country Park),,290176.55368042,4145.51125529286,29f4a993-4fc0-49fb-bf23-fe0b82ac275c
413,1443046,country parks,BISS MEADOWS,Known as a Country Park,12.31,ST864573,BISS MEADOWS (Country Park),,123067.29119873,4823.12268796052,eb9a13a2-1b5f-41e7-947b-1476e753ce87
414,1443007,country parks,RIVER HAMBLE,Known as a Country Park,152.43,SU501114,RIVER HAMBLE (Country Park),,1524265.61405945,8570.27551787996,992ae133-b440-43bf-8a85-b84ceee66bd1
415,1443174,country parks,THE ALVER VALLEY,Known as a Country Park,155.51,SU578005,THE ALVER VALLEY (Country Park),,1555148.1558609,12708.4093705813,59a8c475-0a72-4128-9dd9-c8f062376f20
